topo,length,num_sources,num_dest,eval_time,snap_time,total_time
7018,7,2,2,0.2137765884399414,0.19948971271514893,0.41326630115509033
7018,9,2,2,0.2890366315841675,0.20102453231811523,0.4900611639022827
7018,6,2,2,0.2800523042678833,0.19352340698242188,0.4735757112503052
7018,10,2,2,0.2758070230484009,0.19617831707000732,0.4719853401184082
7018,7,2,2,0.1935737133026123,0.20300066471099854,0.39657437801361084
7018,8,2,2,0.21005594730377197,0.1951385736465454,0.4051945209503174
7018,10,2,2,0.2124161720275879,0.19739818572998047,0.40981435775756836
7018,7,2,2,0.20017194747924805,0.20822560787200928,0.4083975553512573
7018,10,2,2,0.2156294584274292,0.19741690158843994,0.41304636001586914
7018,8,2,2,0.19584262371063232,0.19933533668518066,0.395177960395813
7018,5,2,2,0.20391273498535156,0.2005014419555664,0.40441417694091797
7018,9,2,2,0.2891569137573242,0.20222938060760498,0.4913862943649292
7018,7,2,2,0.19960379600524902,0.1949843168258667,0.3945881128311157
7018,7,2,2,0.23074567317962646,0.2002643346786499,0.43101000785827637
7018,10,2,2,0.20109903812408447,0.20217835903167725,0.4032773971557617
7018,8,2,2,0.21511638164520264,0.19650042057037354,0.41161680221557617
7018,8,2,2,0.21621596813201904,0.19699931144714355,0.4132152795791626
7018,10,2,2,0.2175922393798828,0.19886457920074463,0.41645681858062744
7018,6,2,2,0.19474172592163086,0.20033586025238037,0.39507758617401123
7018,8,2,2,0.2948436737060547,0.1988358497619629,0.4936795234680176
7018,8,2,2,0.2185978889465332,0.19935667514801025,0.41795456409454346
7018,8,2,2,0.2951143980026245,0.19552719593048096,0.49064159393310547
7018,8,2,2,0.2104189395904541,0.23832809925079346,0.44874703884124756
7018,12,2,2,0.29747796058654785,0.2789252996444702,0.5764032602310181
7018,6,2,2,0.19865703582763672,0.1956775188446045,0.3943345546722412
7018,8,2,2,0.28838276863098145,0.19754886627197266,0.4859316349029541
7018,8,2,2,0.2991187572479248,0.19615817070007324,0.49527692794799805
7018,8,2,2,0.2799795866012573,0.1973799467086792,0.4773595333099365
7018,9,2,2,0.275038480758667,0.1979292631149292,0.4729677438735962
7018,9,2,2,0.2959592342376709,0.19785010814666748,0.4938093423843384
7018,8,2,2,0.28437185287475586,0.19794654846191406,0.4823184013366699
7018,10,2,2,0.2052839994430542,0.28096330165863037,0.48624730110168457
7018,8,2,2,0.212111234664917,0.19970333576202393,0.4118145704269409
7018,9,2,2,0.2034926414489746,0.20349061489105225,0.40698325634002686
7018,8,2,2,0.2955278158187866,0.19532132148742676,0.4908491373062134
7018,6,2,2,0.2957797050476074,0.1957080364227295,0.4914877414703369
7018,8,2,2,0.28878867626190186,0.19560670852661133,0.4843953847885132
7018,8,2,2,0.2927718162536621,0.19924747943878174,0.49201929569244385
7018,8,2,2,0.2123582363128662,0.2099391222000122,0.4222973585128784
7018,6,2,2,0.2146817445755005,0.30889928340911865,0.5235810279846191
7018,7,2,2,0.1937795877456665,0.1968156099319458,0.3905951976776123
7018,7,2,2,0.2844804525375366,0.19931578636169434,0.48379623889923096
7018,4,2,2,0.27730023860931396,0.19266438484191895,0.4699646234512329
7018,8,2,2,0.2877084016799927,0.19396734237670898,0.48167574405670166
7018,8,2,2,0.20965039730072021,0.19893312454223633,0.40858352184295654
7018,8,2,2,0.20478498935699463,0.19759917259216309,0.4023841619491577
7018,4,2,2,0.2932175397872925,0.19978868961334229,0.49300622940063477
7018,6,2,2,0.29262733459472656,0.26975274085998535,0.5623800754547119
7018,6,2,2,0.1961604356765747,0.2012578248977661,0.3974182605743408
7018,9,2,2,0.19672107696533203,0.2725389003753662,0.46925997734069824
7018,4,2,2,0.3318367004394531,0.19260001182556152,0.5244367122650146
7018,7,2,2,0.19276690483093262,0.20407426357269287,0.3968411684036255
7018,10,2,2,0.1923360824584961,0.1955476999282837,0.3878837823867798
7018,7,2,2,0.27121639251708984,0.19462966918945312,0.46584606170654297
7018,9,2,2,0.1979236602783203,0.20181870460510254,0.39974236488342285
7018,6,2,2,0.3335440158843994,0.19914543628692627,0.5326894521713257
7018,5,2,2,0.29074573516845703,0.19992315769195557,0.4906688928604126
7018,8,2,2,0.20919203758239746,0.1963515281677246,0.40554356575012207
7018,7,2,2,0.29463696479797363,0.20123088359832764,0.49586784839630127
7018,9,2,2,0.19440162181854248,0.19805574417114258,0.39245736598968506
7018,6,2,2,0.19304358959197998,0.19649839401245117,0.38954198360443115
7018,7,2,2,0.27215731143951416,0.19708502292633057,0.4692423343658447
7018,7,2,2,0.19751644134521484,0.19453167915344238,0.3920481204986572
7018,7,2,2,0.2905665636062622,0.19550728797912598,0.4860738515853882
7018,8,2,2,0.29544615745544434,0.19643378257751465,0.491879940032959
7018,9,2,2,0.30687785148620605,0.19744503498077393,0.50432288646698
7018,8,2,2,0.27240943908691406,0.19611752033233643,0.4685269594192505
7018,5,2,2,0.2151585817337036,0.19528329372406006,0.41044187545776367
7018,9,2,2,0.2075585126876831,0.19536340236663818,0.4029219150543213
7018,8,2,2,0.20307719707489014,0.2788034677505493,0.48188066482543945
7018,7,2,2,0.23231613636016846,0.19494545459747314,0.4272615909576416
7018,6,2,2,0.20881783962249756,0.19634711742401123,0.4051649570465088
7018,9,2,2,0.20774900913238525,0.19779181480407715,0.4055408239364624
7018,9,2,2,0.20031678676605225,0.19845068454742432,0.39876747131347656
7018,7,2,2,0.2808349132537842,0.1948082447052002,0.4756431579589844
7018,9,2,2,0.29469025135040283,0.19986355304718018,0.494553804397583
7018,7,2,2,0.28194522857666016,0.19607007503509521,0.47801530361175537
7018,6,2,2,0.1933755874633789,0.19455969333648682,0.3879352807998657
7018,8,2,2,0.21612107753753662,0.20195388793945312,0.41807496547698975
7018,7,2,2,0.19248199462890625,0.19447767734527588,0.38695967197418213
7018,8,2,2,0.2126767635345459,0.24542486667633057,0.45810163021087646
7018,7,2,2,0.20688796043395996,0.19738340377807617,0.40427136421203613
7018,9,2,2,0.2972273826599121,0.201227068901062,0.4984544515609741
7018,9,2,2,0.21983420848846436,0.19804918766021729,0.41788339614868164
7018,8,2,2,0.20101284980773926,0.1930835247039795,0.39409637451171875
7018,8,2,2,0.19528543949127197,0.1963258981704712,0.39161133766174316
7018,6,2,2,0.3399505615234375,0.2781550884246826,0.6181056499481201
7018,8,2,2,0.29691386222839355,0.19841957092285156,0.4953334331512451
7018,7,2,2,0.20962166786193848,0.1954106092453003,0.40503227710723877
7018,7,2,2,0.28441154956817627,0.19830799102783203,0.4827195405960083
7018,10,2,2,0.21400213241577148,0.22556042671203613,0.4395625591278076
7018,6,2,2,0.19815921783447266,0.19433832168579102,0.39249753952026367
7018,7,2,2,0.21927213668823242,0.19803237915039062,0.41730451583862305
7018,9,2,2,0.1936476230621338,0.19688165187835693,0.3905292749404907
7018,5,2,2,0.2795768976211548,0.19900739192962646,0.47858428955078125
7018,8,2,2,0.19174492359161377,0.19929516315460205,0.3910400867462158
7018,7,2,2,0.19978868961334229,0.19521164894104004,0.3950003385543823
7018,7,2,2,0.20872318744659424,0.19965839385986328,0.4083815813064575
7018,10,2,2,0.1954900026321411,0.1995246410369873,0.3950146436691284
7018,8,2,2,0.20912110805511475,0.19737279415130615,0.4064939022064209
7018,9,4,4,0.28919219970703125,0.10072869062423706,0.3899208903312683
7018,9,4,4,0.1688573956489563,0.10262149572372437,0.27147889137268066
7018,6,4,4,0.22188937664031982,0.14406824111938477,0.3659576177597046
7018,9,4,4,0.3019397258758545,0.09885108470916748,0.400790810585022
7018,8,4,4,0.232751727104187,0.09939306974411011,0.3321447968482971
7018,8,4,4,0.20898199081420898,0.10084396600723267,0.30982595682144165
7018,6,4,4,0.2543996572494507,0.09776061773300171,0.3521602749824524
7018,8,4,4,0.249503493309021,0.0983934998512268,0.3478969931602478
7018,8,4,4,0.2979796528816223,0.09902971982955933,0.39700937271118164
7018,8,4,4,0.2958357334136963,0.09891891479492188,0.39475464820861816
7018,7,4,4,0.20375114679336548,0.10183429718017578,0.30558544397354126
7018,7,4,4,0.24961012601852417,0.09790366888046265,0.3475137948989868
7018,7,4,4,0.2559320330619812,0.09991681575775146,0.35584884881973267
7018,6,4,4,0.2543215751647949,0.09869945049285889,0.3530210256576538
7018,9,4,4,0.2058870792388916,0.15859997272491455,0.36448705196380615
7018,7,4,4,0.20734673738479614,0.09847366809844971,0.30582040548324585
7018,8,4,4,0.24359780550003052,0.09923344850540161,0.34283125400543213
7018,11,4,4,0.2133757472038269,0.09879732131958008,0.312173068523407
7018,7,4,4,0.25418025255203247,0.09836965799331665,0.3525499105453491
7018,7,4,4,0.2919684052467346,0.09967178106307983,0.39164018630981445
7018,7,4,4,0.22019881010055542,0.09831613302230835,0.31851494312286377
7018,6,4,4,0.21091437339782715,0.09919816255569458,0.31011253595352173
7018,7,4,4,0.30332762002944946,0.09859228134155273,0.4019199013710022
7018,7,4,4,0.2551712393760681,0.09975701570510864,0.35492825508117676
7018,10,4,4,0.2579628825187683,0.10103541612625122,0.35899829864501953
7018,10,4,4,0.260445773601532,0.10136985778808594,0.3618156313896179
7018,7,4,4,0.2278469204902649,0.15789252519607544,0.38573944568634033
7018,6,4,4,0.32357287406921387,0.09758961200714111,0.421162486076355
7018,7,4,4,0.2602718472480774,0.09807324409484863,0.358345091342926
7018,9,4,4,0.15541404485702515,0.10056936740875244,0.2559834122657776
7018,10,4,4,0.26141637563705444,0.09933078289031982,0.36074715852737427
7018,7,4,4,0.26194584369659424,0.0974881649017334,0.35943400859832764
7018,8,4,4,0.26123666763305664,0.09941214323043823,0.3606488108634949
7018,10,4,4,0.16696739196777344,0.0994606614112854,0.26642805337905884
7018,10,4,4,0.16059863567352295,0.10211080312728882,0.26270943880081177
7018,6,4,4,0.25133198499679565,0.09867262840270996,0.3500046133995056
7018,7,4,4,0.21682578325271606,0.09768635034561157,0.31451213359832764
7018,7,4,4,0.21429121494293213,0.09833651781082153,0.31262773275375366
7018,5,4,4,0.2515599727630615,0.09835892915725708,0.3499189019203186
7018,10,4,4,0.21648532152175903,0.09987819194793701,0.31636351346969604
7018,9,4,4,0.22322851419448853,0.13961631059646606,0.3628448247909546
7018,7,4,4,0.3026103377342224,0.1364259123802185,0.4390362501144409
7018,7,4,4,0.29443615674972534,0.13562846183776855,0.4300646185874939
7018,9,4,4,0.25026601552963257,0.13710367679595947,0.38736969232559204
7018,7,4,4,0.2525709271430969,0.09926867485046387,0.3518396019935608
7018,8,4,4,0.21734440326690674,0.10107648372650146,0.3184208869934082
7018,7,4,4,0.2543638348579407,0.09860193729400635,0.352965772151947
7018,8,4,4,0.3011434078216553,0.09895062446594238,0.40009403228759766
7018,8,4,4,0.21214252710342407,0.12367147207260132,0.3358139991760254
7018,8,4,4,0.19808220863342285,0.1002722978591919,0.29835450649261475
7018,7,4,4,0.2454729676246643,0.09837830066680908,0.3438512682914734
7018,8,4,4,0.2589558959007263,0.09968101978302002,0.35863691568374634
7018,7,4,4,0.2261682152748108,0.09840697050094604,0.32457518577575684
7018,6,4,4,0.17126131057739258,0.09881120920181274,0.2700725197792053
7018,5,4,4,0.2182050347328186,0.09713715314865112,0.3153421878814697
7018,9,4,4,0.2526366710662842,0.13772428035736084,0.390360951423645
7018,7,4,4,0.22032880783081055,0.09943610429763794,0.3197649121284485
7018,8,4,4,0.18423467874526978,0.09836834669113159,0.28260302543640137
7018,8,4,4,0.20607012510299683,0.09850889444351196,0.3045790195465088
7018,9,4,4,0.19599705934524536,0.09959918260574341,0.29559624195098877
7018,10,4,4,0.2565193772315979,0.10067486763000488,0.3571942448616028
7018,10,4,4,0.3038841485977173,0.10036754608154297,0.40425169467926025
7018,8,4,4,0.3048754334449768,0.13687825202941895,0.44175368547439575
7018,4,4,4,0.2044551968574524,0.13647198677062988,0.3409271836280823
7018,10,4,4,0.2419763207435608,0.10014116764068604,0.3421174883842468
7018,5,4,4,0.1761089563369751,0.09766662120819092,0.273775577545166
7018,8,4,4,0.2587166428565979,0.09891140460968018,0.3576280474662781
7018,7,4,4,0.2593235969543457,0.15325218439102173,0.41257578134536743
7018,9,4,4,0.22412407398223877,0.10144710540771484,0.3255711793899536
7018,9,4,4,0.20912474393844604,0.09992063045501709,0.30904537439346313
7018,5,4,4,0.2534031867980957,0.09789973497390747,0.3513029217720032
7018,9,4,4,0.26082485914230347,0.0993691086769104,0.36019396781921387
7018,8,4,4,0.2568982243537903,0.09828794002532959,0.3551861643791199
7018,10,4,4,0.17948567867279053,0.09935307502746582,0.27883875370025635
7018,6,4,4,0.2532927989959717,0.09816890954971313,0.3514617085456848
7018,9,4,4,0.2534896731376648,0.09887492656707764,0.35236459970474243
7018,5,4,4,0.2100110650062561,0.09939706325531006,0.30940812826156616
7018,9,4,4,0.2646923065185547,0.15585994720458984,0.42055225372314453
7018,10,4,4,0.21654057502746582,0.13964372873306274,0.35618430376052856
7018,4,4,4,0.20933449268341064,0.09782683849334717,0.3071613311767578
7018,7,4,4,0.21114391088485718,0.1017763614654541,0.3129202723503113
7018,5,4,4,0.19695425033569336,0.09845656156539917,0.29541081190109253
7018,8,4,4,0.3017140030860901,0.09985882043838501,0.4015728235244751
7018,8,4,4,0.2599005103111267,0.09912270307540894,0.35902321338653564
7018,6,4,4,0.1730901002883911,0.09803450107574463,0.27112460136413574
7018,8,4,4,0.3024035692214966,0.0986589789390564,0.401062548160553
7018,7,4,4,0.1656399965286255,0.10210728645324707,0.26774728298187256
7018,8,4,4,0.26702404022216797,0.09785068035125732,0.3648747205734253
7018,8,4,4,0.21482962369918823,0.09920579195022583,0.31403541564941406
7018,4,4,4,0.28763240575790405,0.09901946783065796,0.386651873588562
7018,7,4,4,0.252227246761322,0.09757405519485474,0.34980130195617676
7018,8,4,4,0.19794762134552002,0.09809643030166626,0.2960440516471863
7018,8,4,4,0.21466296911239624,0.10018062591552734,0.3148435950279236
7018,6,4,4,0.2984352111816406,0.13850700855255127,0.4369422197341919
7018,7,4,4,0.25408935546875,0.0981873869895935,0.3522767424583435
7018,7,4,4,0.2560914158821106,0.09866988658905029,0.3547613024711609
7018,8,4,4,0.3058971166610718,0.14143043756484985,0.44732755422592163
7018,4,4,4,0.2673107385635376,0.15821605920791626,0.42552679777145386
7018,9,4,4,0.19860273599624634,0.09920012950897217,0.2978028655052185
7018,7,4,4,0.24053817987442017,0.09856927394866943,0.3391074538230896
7018,9,8,8,0.2526462972164154,0.07881718873977661,0.331463485956192
7018,5,8,8,0.24338319897651672,0.05082833766937256,0.2942115366458893
7018,9,8,8,0.26191771030426025,0.07777780294418335,0.3396955132484436
7018,9,8,8,0.26396217942237854,0.05010661482810974,0.3140687942504883
7018,9,8,8,0.2577199935913086,0.049586087465286255,0.30730608105659485
7018,7,8,8,0.22176769375801086,0.050328850746154785,0.27209654450416565
7018,4,8,8,0.2158677577972412,0.05038332939147949,0.2662510871887207
7018,7,8,8,0.21962925791740417,0.05124026536941528,0.27086952328681946
7018,6,8,8,0.26438218355178833,0.05022847652435303,0.31461066007614136
7018,7,8,8,0.2188812494277954,0.05075424909591675,0.26963549852371216
7018,7,8,8,0.238203227519989,0.04994100332260132,0.28814423084259033
7018,11,8,8,0.26288965344429016,0.050949424505233765,0.3138390779495239
7018,8,8,8,0.2507648169994354,0.05007252097129822,0.30083733797073364
7018,8,8,8,0.2566470205783844,0.05014106631278992,0.3067880868911743
7018,9,8,8,0.2363014817237854,0.050014227628707886,0.2863157093524933
7018,7,8,8,0.24009883403778076,0.050847411155700684,0.29094624519348145
7018,8,8,8,0.22602581977844238,0.0796976387500763,0.3057234585285187
7018,7,8,8,0.28509241342544556,0.05147910118103027,0.33657151460647583
7018,7,8,8,0.24976181983947754,0.07264408469200134,0.3224059045314789
7018,8,8,8,0.2562353312969208,0.05300208926200867,0.30923742055892944
7018,8,8,8,0.27364087104797363,0.051517218351364136,0.32515808939933777
7018,6,8,8,0.22032883763313293,0.05133777856826782,0.27166661620140076
7018,7,8,8,0.2644478380680084,0.05005142092704773,0.31449925899505615
7018,8,8,8,0.20005932450294495,0.05033203959465027,0.2503913640975952
7018,9,8,8,0.24203389883041382,0.049568355083465576,0.2916022539138794
7018,7,8,8,0.2649648189544678,0.04996299743652344,0.3149278163909912
7018,9,8,8,0.2460176944732666,0.05073779821395874,0.29675549268722534
7018,8,8,8,0.2440904974937439,0.07847213745117188,0.32256263494491577
7018,8,8,8,0.2702398896217346,0.05023592710494995,0.32047581672668457
7018,11,8,8,0.2620750367641449,0.051281481981277466,0.31335651874542236
7018,8,8,8,0.26667168736457825,0.04965195059776306,0.3163236379623413
7018,6,8,8,0.24724829196929932,0.05104506015777588,0.2982933521270752
7018,10,8,8,0.2935166358947754,0.08001014590263367,0.37352678179740906
7018,7,8,8,0.26861506700515747,0.05000823736190796,0.31862330436706543
7018,8,8,8,0.269018292427063,0.049775511026382446,0.31879380345344543
7018,7,8,8,0.2309473752975464,0.05047929286956787,0.28142666816711426
7018,9,8,8,0.2855239808559418,0.04972958564758301,0.3352535665035248
7018,7,8,8,0.258047878742218,0.04888001084327698,0.306927889585495
7018,10,8,8,0.20186454057693481,0.08152800798416138,0.2833925485610962
7018,9,8,8,0.23934829235076904,0.04939451813697815,0.2887428104877472
7018,7,8,8,0.21798649430274963,0.05196195840835571,0.26994845271110535
7018,6,8,8,0.2353164553642273,0.05034354329109192,0.2856599986553192
7018,8,8,8,0.2719930112361908,0.05201834440231323,0.32401135563850403
7018,7,8,8,0.21878856420516968,0.050922513008117676,0.26971107721328735
7018,8,8,8,0.24145057797431946,0.050293415784835815,0.2917439937591553
7018,5,8,8,0.20729824900627136,0.04925653338432312,0.2565547823905945
7018,9,8,8,0.22130554914474487,0.051744550466537476,0.27305009961128235
7018,8,8,8,0.20099490880966187,0.04951348900794983,0.2505083978176117
7018,7,8,8,0.2872338593006134,0.07175692915916443,0.35899078845977783
7018,7,8,8,0.23812061548233032,0.08099201321601868,0.319112628698349
7018,6,8,8,0.24685543775558472,0.05007711052894592,0.29693254828453064
7018,8,8,8,0.21657449007034302,0.05040660500526428,0.2669810950756073
7018,7,8,8,0.24500888586044312,0.04968404769897461,0.2946929335594177
7018,7,8,8,0.2683466076850891,0.04963222146034241,0.3179788291454315
7018,4,8,8,0.2445237636566162,0.050727277994155884,0.2952510416507721
7018,8,8,8,0.21938061714172363,0.04979357123374939,0.269174188375473
7018,5,8,8,0.28845730423927307,0.08187404274940491,0.370331346988678
7018,7,8,8,0.2593688368797302,0.050384849309921265,0.3097536861896515
7018,8,8,8,0.24575480818748474,0.04981502890586853,0.29556983709335327
7018,8,8,8,0.2084498107433319,0.049897968769073486,0.2583477795124054
7018,7,8,8,0.24831822514533997,0.0815805196762085,0.32989874482154846
7018,8,8,8,0.26458027958869934,0.08167460560798645,0.3462548851966858
7018,6,8,8,0.29648810625076294,0.05079108476638794,0.3472791910171509
7018,9,8,8,0.25725436210632324,0.051364362239837646,0.3086187243461609
7018,9,8,8,0.2196192741394043,0.051717281341552734,0.27133655548095703
7018,8,8,8,0.22611260414123535,0.07856902480125427,0.3046816289424896
7018,6,8,8,0.24362456798553467,0.051904499530792236,0.2955290675163269
7018,9,8,8,0.24304893612861633,0.05006381869316101,0.29311275482177734
7018,6,8,8,0.2652495205402374,0.06309175491333008,0.3283412754535675
7018,10,8,8,0.221774160861969,0.05008140206336975,0.27185556292533875
7018,8,8,8,0.22999674081802368,0.049730151891708374,0.27972689270973206
7018,7,8,8,0.19247928261756897,0.049861401319503784,0.24234068393707275
7018,10,8,8,0.24341008067131042,0.051397860050201416,0.29480794072151184
7018,6,8,8,0.2203245759010315,0.051040202379226685,0.2713647782802582
7018,7,8,8,0.22086003422737122,0.05059424042701721,0.2714542746543884
7018,8,8,8,0.27148184180259705,0.0517447292804718,0.32322657108306885
7018,5,8,8,0.2154269516468048,0.050863564014434814,0.2662905156612396
7018,8,8,8,0.23874503374099731,0.05039361119270325,0.28913864493370056
7018,7,8,8,0.27383631467819214,0.04920312762260437,0.3230394423007965
7018,7,8,8,0.24838274717330933,0.05171915888786316,0.3001019060611725
7018,4,8,8,0.23482099175453186,0.06186610460281372,0.2966870963573456
7018,7,8,8,0.23694780468940735,0.04975670576095581,0.28670451045036316
7018,6,8,8,0.24561843276023865,0.04987648129463196,0.2954949140548706
7018,7,8,8,0.22243431210517883,0.05170467495918274,0.2741389870643616
7018,6,8,8,0.21988263726234436,0.050124675035476685,0.27000731229782104
7018,11,8,8,0.19057518243789673,0.08108043670654297,0.2716556191444397
7018,7,8,8,0.2518542408943176,0.051476627588272095,0.3033308684825897
7018,7,8,8,0.21828964352607727,0.05063769221305847,0.26892733573913574
7018,7,8,8,0.24877673387527466,0.05086517333984375,0.2996419072151184
7018,9,8,8,0.21952438354492188,0.04999580979347229,0.26952019333839417
7018,10,8,8,0.23286619782447815,0.06927189230918884,0.302138090133667
7018,7,8,8,0.2297971248626709,0.050053030252456665,0.27985015511512756
7018,6,8,8,0.25578612089157104,0.05112278461456299,0.30690890550613403
7018,7,8,8,0.24003618955612183,0.05063986778259277,0.2906760573387146
7018,6,8,8,0.23945069313049316,0.05068981647491455,0.2901405096054077
7018,5,8,8,0.20306289196014404,0.05022472143173218,0.2532876133918762
7018,10,8,8,0.23077374696731567,0.08088046312332153,0.3116542100906372
7018,9,8,8,0.2366957664489746,0.05082198977470398,0.2875177562236786
7018,8,8,8,0.24297848343849182,0.04949888586997986,0.2924773693084717
7018,6,8,8,0.23749864101409912,0.05127474665641785,0.28877338767051697
7018,8,16,16,0.23830179870128632,0.03949862718582153,0.27780042588710785
7018,9,16,16,0.2459016740322113,0.07182951271533966,0.31773118674755096
7018,8,16,16,0.238218292593956,0.03993229568004608,0.2781505882740021
7018,9,16,16,0.24212634563446045,0.039864376187324524,0.281990721821785
7018,6,16,16,0.25401580333709717,0.03946913778781891,0.2934849411249161
7018,6,16,16,0.25103065371513367,0.039694130420684814,0.2907247841358185
7018,9,16,16,0.2395656853914261,0.040950268507003784,0.28051595389842987
7018,7,16,16,0.2425919771194458,0.05077160894870758,0.2933635860681534
7018,9,16,16,0.24197262525558472,0.05011829733848572,0.29209092259407043
7018,5,16,16,0.25595465302467346,0.040599703788757324,0.2965543568134308
7018,7,16,16,0.2481178492307663,0.04068818688392639,0.2888060361146927
7018,6,16,16,0.2665591835975647,0.040623053908348083,0.3071822375059128
7018,8,16,16,0.24760091304779053,0.04013887047767639,0.2877397835254669
7018,8,16,16,0.2814483195543289,0.039571791887283325,0.32102011144161224
7018,9,16,16,0.2799547612667084,0.04054667055606842,0.3205014318227768
7018,7,16,16,0.27322007715702057,0.04079282283782959,0.31401289999485016
7018,8,16,16,0.25978630781173706,0.040839940309524536,0.3006262481212616
7018,7,16,16,0.27098095417022705,0.04013246297836304,0.3111134171485901
7018,6,16,16,0.27053694427013397,0.0409880131483078,0.3115249574184418
7018,6,16,16,0.23854821920394897,0.03969098627567291,0.2782392054796219
7018,6,16,16,0.23797856271266937,0.04950354993343353,0.2874821126461029
7018,9,16,16,0.23555761575698853,0.04049733281135559,0.2760549485683441
7018,7,16,16,0.2624500244855881,0.0399632602930069,0.30241328477859497
7018,9,16,16,0.24300816655158997,0.04032786190509796,0.2833360284566879
7018,4,16,16,0.23647315800189972,0.0499066561460495,0.2863798141479492
7018,7,16,16,0.2294127345085144,0.04127144813537598,0.2706841826438904
7018,9,16,16,0.24045537412166595,0.04086954891681671,0.28132492303848267
7018,7,16,16,0.27788005769252777,0.040874794125556946,0.3187548518180847
7018,6,16,16,0.22924143075942993,0.04049336910247803,0.26973479986190796
7018,11,16,16,0.23521432280540466,0.040448784828186035,0.2756631076335907
7018,6,16,16,0.2361086755990982,0.04026417434215546,0.27637284994125366
7018,8,16,16,0.2408357411623001,0.04112645983695984,0.28196220099925995
7018,7,16,16,0.23580050468444824,0.05075414478778839,0.28655464947223663
7018,8,16,16,0.2392929345369339,0.04036623239517212,0.279659166932106
7018,9,16,16,0.25874295830726624,0.03992265462875366,0.2986656129360199
7018,6,16,16,0.2643796056509018,0.03968942165374756,0.30406902730464935
7018,10,16,16,0.2531527578830719,0.04004257917404175,0.29319533705711365
7018,8,16,16,0.27318619191646576,0.0396047979593277,0.31279098987579346
7018,8,16,16,0.22097647190093994,0.04024198651313782,0.26121845841407776
7018,7,16,16,0.2332732081413269,0.039442554116249084,0.272715762257576
7018,9,16,16,0.2518245428800583,0.040574073791503906,0.2923986166715622
7018,9,16,16,0.26388029754161835,0.04090544581413269,0.30478574335575104
7018,8,16,16,0.28225739300251007,0.03961390256881714,0.3218712955713272
7018,7,16,16,0.260321244597435,0.040092140436172485,0.3004133850336075
7018,6,16,16,0.23749887943267822,0.03976784646511078,0.277266725897789
7018,8,16,16,0.25137513875961304,0.04015141725540161,0.29152655601501465
7018,7,16,16,0.21720345318317413,0.03956593573093414,0.2567693889141083
7018,6,16,16,0.2408113181591034,0.039394810795784,0.2802061289548874
7018,7,16,16,0.2628858983516693,0.040850937366485596,0.3037368357181549
7018,7,16,16,0.2642644941806793,0.0407465398311615,0.3050110340118408
7018,7,16,16,0.2679242193698883,0.040333092212677,0.3082573115825653
7018,8,16,16,0.23833991587162018,0.03949335217475891,0.2778332680463791
7018,7,16,16,0.2398587018251419,0.040693432092666626,0.28055213391780853
7018,5,16,16,0.24716317653656006,0.04063664376735687,0.28779982030391693
7018,9,16,16,0.26699739694595337,0.04059261083602905,0.3075900077819824
7018,6,16,16,0.2556857168674469,0.04045003652572632,0.2961357533931732
7018,8,16,16,0.24112865328788757,0.03991459310054779,0.28104324638843536
7018,6,16,16,0.23573310673236847,0.04019884765148163,0.2759319543838501
7018,9,16,16,0.24462783336639404,0.04039295017719269,0.28502078354358673
7018,7,16,16,0.2525559812784195,0.04038740694522858,0.29294338822364807
7018,8,16,16,0.2556060701608658,0.05029904842376709,0.3059051185846329
7018,6,16,16,0.23532207310199738,0.04138796031475067,0.27671003341674805
7018,10,16,16,0.2505131661891937,0.04030884802341461,0.29082201421260834
7018,8,16,16,0.25329436361789703,0.039947256445884705,0.29324162006378174
7018,9,16,16,0.2709129601716995,0.039950087666511536,0.31086304783821106
7018,8,16,16,0.25619059801101685,0.0410030335187912,0.29719363152980804
7018,8,16,16,0.27986249327659607,0.04079808294773102,0.3206605762243271
7018,6,16,16,0.2545376420021057,0.04030027985572815,0.29483792185783386
7018,6,16,16,0.2760758697986603,0.03971964120864868,0.31579551100730896
7018,7,16,16,0.24722149968147278,0.04142343997955322,0.288644939661026
7018,7,16,16,0.22752052545547485,0.04107789695262909,0.26859842240810394
7018,6,16,16,0.2425745725631714,0.03982114791870117,0.28239572048187256
7018,6,16,16,0.27334778010845184,0.05048055946826935,0.3238283395767212
7018,8,16,16,0.24732376635074615,0.03952738642692566,0.2868511527776718
7018,8,16,16,0.23638932406902313,0.04005007445812225,0.2764393985271454
7018,9,16,16,0.2769429534673691,0.04949656128883362,0.3264395147562027
7018,7,16,16,0.24074961245059967,0.04042430222034454,0.2811739146709442
7018,7,16,16,0.23625418543815613,0.03990735113620758,0.2761615365743637
7018,8,16,16,0.24997931718826294,0.040707096457481384,0.2906864136457443
7018,9,16,16,0.21803951263427734,0.040498241782188416,0.25853775441646576
7018,7,16,16,0.2553716450929642,0.04031728208065033,0.2956889271736145
7018,6,16,16,0.24732457101345062,0.04136718809604645,0.28869175910949707
7018,8,16,16,0.24691981077194214,0.04089590907096863,0.28781571984291077
7018,8,16,16,0.23005960881710052,0.04023081064224243,0.27029041945934296
7018,7,16,16,0.25273290276527405,0.04008917510509491,0.29282207787036896
7018,8,16,16,0.24612164497375488,0.04096744954586029,0.2870890945196152
7018,9,16,16,0.2666953355073929,0.04056642949581146,0.30726176500320435
7018,11,16,16,0.26747648417949677,0.04059635102748871,0.3080728352069855
7018,8,16,16,0.26671937108039856,0.04971866309642792,0.3164380341768265
7018,7,16,16,0.2631685137748718,0.03985360264778137,0.3030221164226532
7018,7,16,16,0.25421328842639923,0.040022194385528564,0.2942354828119278
7018,8,16,16,0.25803060829639435,0.040935516357421875,0.2989661246538162
7018,8,16,16,0.26590678095817566,0.04040044546127319,0.30630722641944885
7018,7,16,16,0.2811335176229477,0.039815500378608704,0.3209490180015564
7018,7,16,16,0.22636988759040833,0.041082605719566345,0.26745249330997467
7018,7,16,16,0.2529755085706711,0.04012437164783478,0.29309988021850586
7018,8,16,16,0.2559669762849808,0.04072052240371704,0.2966874986886978
7018,6,16,16,0.22080060839653015,0.040182843804359436,0.2609834522008896
7018,7,16,16,0.26985274255275726,0.04107144474983215,0.3109241873025894
7018,7,16,16,0.2523448169231415,0.04182597994804382,0.2941707968711853
7018,5,32,32,0.32945095747709274,0.031467877328395844,0.3609188348054886
7018,4,32,32,0.3098139017820358,0.031318120658397675,0.3411320224404335
7018,7,32,32,0.3514111563563347,0.03248939663171768,0.38390055298805237
7018,8,32,32,0.3287133127450943,0.03297995775938034,0.36169327050447464
7018,8,32,32,0.34469517320394516,0.0312841460108757,0.37597931921482086
7018,8,32,32,0.32148978114128113,0.03632713109254837,0.3578169122338295
7018,10,32,32,0.3324206992983818,0.03594757616519928,0.3683682754635811
7018,6,32,32,0.328986220061779,0.031250014901161194,0.3602362349629402
7018,6,32,32,0.32580356299877167,0.0316377729177475,0.35744133591651917
7018,6,32,32,0.3471212461590767,0.03142787516117096,0.37854912132024765
7018,8,32,32,0.33462849259376526,0.03174002468585968,0.36636851727962494
7018,5,32,32,0.3114471808075905,0.03180569410324097,0.34325287491083145
7018,5,32,32,0.31589220464229584,0.031693145632743835,0.3475853502750397
7018,8,32,32,0.3275228440761566,0.031938135623931885,0.3594609797000885
7018,6,32,32,0.3330457806587219,0.02074550837278366,0.3537912890315056
7018,7,32,32,0.3205471858382225,0.03696216642856598,0.3575093522667885
7018,6,32,32,0.3300643488764763,0.03161289542913437,0.36167724430561066
7018,9,32,32,0.3413253650069237,0.0312783345580101,0.3726036995649338
7018,10,32,32,0.3421066030859947,0.0207253098487854,0.3628319129347801
7018,12,32,32,0.3266993463039398,0.03167109191417694,0.35837043821811676
7018,9,32,32,0.30841103941202164,0.02053598314523697,0.3289470225572586
7018,8,32,32,0.3183104693889618,0.031139306724071503,0.3494497761130333
7018,8,32,32,0.35731811076402664,0.03124174475669861,0.38855985552072525
7018,7,32,32,0.3365980014204979,0.03174108266830444,0.36833908408880234
7018,8,32,32,0.323733389377594,0.02059198170900345,0.34432537108659744
7018,7,32,32,0.3309084102511406,0.020499184727668762,0.35140759497880936
7018,7,32,32,0.3011843413114548,0.020979344844818115,0.3221636861562729
7018,8,32,32,0.29178500175476074,0.020682595670223236,0.312467597424984
7018,5,32,32,0.3298517167568207,0.020554862916469574,0.35040657967329025
7018,6,32,32,0.3031163811683655,0.020698167383670807,0.3238145485520363
7018,12,32,32,0.34185469150543213,0.031199626624584198,0.3730543181300163
7018,11,32,32,0.3373878076672554,0.03138201683759689,0.3687698245048523
7018,5,32,32,0.3546232208609581,0.031873516738414764,0.38649673759937286
7018,7,32,32,0.3094511330127716,0.020509041845798492,0.3299601748585701
7018,5,32,32,0.35124706476926804,0.02345772087574005,0.3747047856450081
7018,6,32,32,0.2999124228954315,0.020892120897769928,0.32080454379320145
7018,9,32,32,0.3165229335427284,0.020632140338420868,0.3371550738811493
7018,7,32,32,0.33002717047929764,0.03616116940975189,0.36618833988904953
7018,8,32,32,0.32086925208568573,0.02065931260585785,0.3415285646915436
7018,8,32,32,0.3185732215642929,0.031172871589660645,0.34974609315395355
7018,9,32,32,0.328285351395607,0.03671718388795853,0.3650025352835655
7018,8,32,32,0.3210056722164154,0.020840324461460114,0.3418459966778755
7018,7,32,32,0.3315783217549324,0.020768389105796814,0.3523467108607292
7018,6,32,32,0.32635732740163803,0.031838469207286835,0.35819579660892487
7018,6,32,32,0.32198676466941833,0.022477000951766968,0.3444637656211853
7018,6,32,32,0.32235413044691086,0.03193464130163193,0.3542887717485428
7018,7,32,32,0.3473307192325592,0.03170902281999588,0.3790397420525551
7018,8,32,32,0.3117200955748558,0.0206022709608078,0.3323223665356636
7018,9,32,32,0.3396287187933922,0.03175941854715347,0.37138813734054565
7018,9,32,32,0.33654994517564774,0.03200604021549225,0.36855598539114
7018,7,32,32,0.32420872151851654,0.03191756457090378,0.3561262860894203
7018,4,32,32,0.33312489092350006,0.020417019724845886,0.35354191064834595
7018,7,32,32,0.32257673889398575,0.020584575831890106,0.34316131472587585
7018,7,32,32,0.33256926387548447,0.03216587007045746,0.3647351339459419
7018,8,32,32,0.3266385421156883,0.025695808231830597,0.3523343503475189
7018,9,32,32,0.3290884345769882,0.03178231418132782,0.36087074875831604
7018,7,32,32,0.3267791420221329,0.020739689469337463,0.34751883149147034
7018,7,32,32,0.3033651113510132,0.0316677987575531,0.3350329101085663
7018,4,32,32,0.3469529300928116,0.020665243268013,0.3676181733608246
7018,7,32,32,0.339341938495636,0.021187536418437958,0.36052947491407394
7018,4,32,32,0.31690920889377594,0.020686283707618713,0.33759549260139465
7018,7,32,32,0.3193402737379074,0.03190367668867111,0.3512439504265785
7018,6,32,32,0.3206900954246521,0.03200565278530121,0.3526957482099533
7018,7,32,32,0.31675752997398376,0.02060212939977646,0.3373596593737602
7018,8,32,32,0.34184350073337555,0.03228652477264404,0.3741300255060196
7018,8,32,32,0.30863068997859955,0.031950876116752625,0.3405815660953522
7018,6,32,32,0.3005923703312874,0.03201804310083389,0.3326104134321213
7018,8,32,32,0.31611475348472595,0.02073526382446289,0.33685001730918884
7018,8,32,32,0.3193902522325516,0.0318930521607399,0.3512833043932915
7018,4,32,32,0.32245277613401413,0.020787246525287628,0.34324002265930176
7018,8,32,32,0.33209260553121567,0.03212796896696091,0.3642205744981766
7018,13,32,32,0.33425159752368927,0.032025642693042755,0.366277240216732
7018,10,32,32,0.3288203999400139,0.031579241156578064,0.36039964109659195
7018,5,32,32,0.3123399093747139,0.02079283446073532,0.3331327438354492
7018,7,32,32,0.3235162943601608,0.020931534469127655,0.3444478288292885
7018,8,32,32,0.3406919240951538,0.034127891063690186,0.374819815158844
7018,5,32,32,0.3180379569530487,0.031850285828113556,0.34988824278116226
7018,7,32,32,0.3313819617033005,0.03120650351047516,0.36258846521377563
7018,7,32,32,0.32457761466503143,0.03186877816915512,0.35644639283418655
7018,7,32,32,0.33002449572086334,0.020828425884246826,0.35085292160511017
7018,9,32,32,0.32287678122520447,0.031688131392002106,0.3545649126172066
7018,7,32,32,0.30121849477291107,0.020819276571273804,0.3220377713441849
7018,4,32,32,0.32183659821748734,0.03141208738088608,0.3532486855983734
7018,8,32,32,0.32216721773147583,0.03212640434503555,0.3542936220765114
7018,9,32,32,0.3286410719156265,0.03205721080303192,0.36069828271865845
7018,6,32,32,0.33229856193065643,0.03801015764474869,0.3703087195754051
7018,7,32,32,0.3404708504676819,0.02078452706336975,0.36125537753105164
7018,8,32,32,0.33563507348299026,0.020757555961608887,0.35639262944459915
7018,8,32,32,0.32139448821544647,0.020923271775245667,0.34231775999069214
7018,11,32,32,0.32002081722021103,0.020725324749946594,0.3407461419701576
7018,6,32,32,0.3271133825182915,0.021119624376296997,0.34823300689458847
7018,9,32,32,0.32517610490322113,0.021005935966968536,0.34618204087018967
7018,9,32,32,0.34368277341127396,0.021229811012744904,0.36491258442401886
7018,7,32,32,0.32701172679662704,0.021281614899635315,0.34829334169626236
7018,9,32,32,0.32395006716251373,0.03250736743211746,0.3564574345946312
7018,10,32,32,0.3202362731099129,0.03201080113649368,0.35224707424640656
7018,9,32,32,0.32056720554828644,0.032044582068920135,0.3526117876172066
7018,8,32,32,0.3051449880003929,0.020926736295223236,0.32607172429561615
7018,6,32,32,0.3347603678703308,0.02058614045381546,0.35534650832414627
7018,8,32,32,0.33984454721212387,0.0210295170545578,0.36087406426668167
7018,7,64,64,0.39462678506970406,0.024627812206745148,0.4192545972764492
7018,6,64,64,0.38229479268193245,0.016715727746486664,0.3990105204284191
7018,8,64,64,0.38306014239788055,0.024649929255247116,0.40771007165312767
7018,9,64,64,0.3979579731822014,0.024901024997234344,0.42285899817943573
7018,9,64,64,0.38130391016602516,0.024678543210029602,0.40598245337605476
7018,8,64,64,0.3857792764902115,0.024674970656633377,0.41045424714684486
7018,7,64,64,0.38930996507406235,0.024602573364973068,0.4139125384390354
7018,7,64,64,0.3883361630141735,0.01648648828268051,0.404822651296854
7018,9,64,64,0.382931862026453,0.016516048461198807,0.3994479104876518
7018,7,64,64,0.4027993157505989,0.02479022741317749,0.4275895431637764
7018,7,64,64,0.3807912804186344,0.024296872317790985,0.4050881527364254
7018,9,64,64,0.3844758979976177,0.024947654455900192,0.4094235524535179
7018,5,64,64,0.38969385996460915,0.027023963630199432,0.4167178235948086
7018,8,64,64,0.38646065816283226,0.025046110153198242,0.4115067683160305
7018,6,64,64,0.3961607329547405,0.024475403130054474,0.420636136084795
7018,7,64,64,0.3889664523303509,0.024827830493450165,0.41379428282380104
7018,11,64,64,0.38660210743546486,0.02464205026626587,0.41124415770173073
7018,7,64,64,0.39085958898067474,0.025476757436990738,0.4163363464176655
7018,5,64,64,0.38054439797997475,0.024496085941791534,0.4050404839217663
7018,8,64,64,0.38427646458148956,0.024491209536790848,0.4087676741182804
7018,8,64,64,0.37980128079652786,0.024387061595916748,0.4041883423924446
7018,8,64,64,0.38560352101922035,0.027144819498062134,0.4127483405172825
7018,8,64,64,0.377086129039526,0.02445775270462036,0.40154388174414635
7018,7,64,64,0.3853124789893627,0.02751316875219345,0.41282564774155617
7018,9,64,64,0.39514536783099174,0.024942107498645782,0.4200874753296375
7018,7,64,64,0.3856763131916523,0.02431507408618927,0.40999138727784157
7018,7,64,64,0.3784133121371269,0.016782324761152267,0.3951956368982792
7018,5,64,64,0.3826143108308315,0.02470565214753151,0.40731996297836304
7018,10,64,64,0.39254267886281013,0.026839666068553925,0.41938234493136406
7018,10,64,64,0.3916531875729561,0.024718977510929108,0.4163721650838852
7018,8,64,64,0.4068765938282013,0.02450297772884369,0.431379571557045
7018,9,64,64,0.369307242333889,0.024651464074850082,0.3939587064087391
7018,11,64,64,0.3882301598787308,0.02700682356953621,0.415236983448267
7018,7,64,64,0.38316280767321587,0.024569552391767502,0.40773236006498337
7018,8,64,64,0.38855400308966637,0.01657288894057274,0.4051268920302391
7018,5,64,64,0.38288114964962006,0.024873144924640656,0.4077542945742607
7018,13,64,64,0.3878899849951267,0.024878427386283875,0.4127684123814106
7018,7,64,64,0.3825518637895584,0.024732161313295364,0.4072840251028538
7018,7,64,64,0.3713441491127014,0.01655273512005806,0.3878968842327595
7018,10,64,64,0.3764786384999752,0.024768467992544174,0.4012471064925194
7018,9,64,64,0.3941931016743183,0.02501063421368599,0.4192037358880043
7018,6,64,64,0.38476161286234856,0.02493666112422943,0.409698273986578
7018,7,64,64,0.3927532285451889,0.024543046951293945,0.41729627549648285
7018,7,64,64,0.3777100220322609,0.024700332432985306,0.4024103544652462
7018,8,64,64,0.3780171014368534,0.024808306246995926,0.40282540768384933
7018,7,64,64,0.39293983578681946,0.024685177952051163,0.4176250137388706
7018,9,64,64,0.3847622610628605,0.024784673005342484,0.409546934068203
7018,5,64,64,0.3688599243760109,0.024681534618139267,0.39354145899415016
7018,8,64,64,0.3716583102941513,0.02464761957526207,0.3963059298694134
7018,8,64,64,0.3890901133418083,0.01653876155614853,0.40562887489795685
7018,10,64,64,0.37988393008708954,0.016676977276802063,0.3965609073638916
7018,8,64,64,0.38569239899516106,0.02480166405439377,0.4104940630495548
7018,8,64,64,0.3766833506524563,0.02473512291908264,0.4014184735715389
7018,6,64,64,0.3769282139837742,0.0261479914188385,0.4030762054026127
7018,10,64,64,0.38603876531124115,0.02475772425532341,0.41079648956656456
7018,9,64,64,0.3825691118836403,0.016552884131669998,0.3991219960153103
7018,7,64,64,0.37720614671707153,0.024861037731170654,0.4020671844482422
7018,8,64,64,0.3926999568939209,0.024627428501844406,0.4173273853957653
7018,7,64,64,0.38093991205096245,0.01632879301905632,0.39726870507001877
7018,5,64,64,0.3805687800049782,0.01653655618429184,0.39710533618927
7018,7,64,64,0.37595105916261673,0.01637335494160652,0.39232441410422325
7018,5,64,64,0.3786443658173084,0.01644429937005043,0.39508866518735886
7018,7,64,64,0.38371896371245384,0.024492230266332626,0.40821119397878647
7018,4,64,64,0.3803989179432392,0.01634097844362259,0.3967398963868618
7018,9,64,64,0.38799256831407547,0.024570591747760773,0.41256316006183624
7018,8,64,64,0.38111068680882454,0.02700989693403244,0.408120583742857
7018,7,64,64,0.37675169110298157,0.025039535015821457,0.401791226118803
7018,7,64,64,0.38468749076128006,0.026758678257465363,0.4114461690187454
7018,9,64,64,0.38435715064406395,0.016381334513425827,0.4007384851574898
7018,7,64,64,0.3755916766822338,0.02698284387588501,0.4025745205581188
7018,8,64,64,0.377785537391901,0.024302806705236435,0.40208834409713745
7018,10,64,64,0.3787241391837597,0.01635018363595009,0.3950743228197098
7018,7,64,64,0.3742387965321541,0.016302593052387238,0.3905413895845413
7018,6,64,64,0.3856850937008858,0.016393978148698807,0.4020790718495846
7018,7,64,64,0.38225774094462395,0.024680644273757935,0.4069383852183819
7018,8,64,64,0.3799600154161453,0.024727992713451385,0.4046880081295967
7018,7,64,64,0.3784436844289303,0.024959031492471695,0.403402715921402
7018,7,64,64,0.3809486888349056,0.016485009342432022,0.39743369817733765
7018,8,64,64,0.40644339099526405,0.016491282731294632,0.4229346737265587
7018,8,64,64,0.3760416656732559,0.01635245606303215,0.39239412173628807
7018,7,64,64,0.39014679938554764,0.024618137627840042,0.4147649370133877
7018,9,64,64,0.38004178181290627,0.01643327996134758,0.39647506177425385
7018,7,64,64,0.3819982036948204,0.016311969608068466,0.39831017330288887
7018,10,64,64,0.37875616550445557,0.0165635384619236,0.39531970396637917
7018,9,64,64,0.3877907395362854,0.016591224819421768,0.40438196435570717
7018,7,64,64,0.37514159455895424,0.02434772625565529,0.3994893208146095
7018,7,64,64,0.38791216164827347,0.024733155965805054,0.4126453176140785
7018,7,64,64,0.39608631283044815,0.01634065806865692,0.41242697089910507
7018,8,64,64,0.3861212730407715,0.01647491753101349,0.402596190571785
7018,9,64,64,0.37381161376833916,0.01631058007478714,0.3901221938431263
7018,10,64,64,0.37570205703377724,0.016470957547426224,0.39217301458120346
7018,6,64,64,0.38792403414845467,0.024299658834934235,0.4122236929833889
7018,7,64,64,0.38170911371707916,0.016555748879909515,0.3982648625969887
7018,7,64,64,0.38079144805669785,0.016293954104185104,0.39708540216088295
7018,6,64,64,0.39623576775193214,0.01651483029127121,0.41275059804320335
7018,8,64,64,0.3695242442190647,0.016443490982055664,0.3859677352011204
7018,9,64,64,0.39338812232017517,0.024795353412628174,0.41818347573280334
7018,9,64,64,0.3747212700545788,0.01640329509973526,0.39112456515431404
7018,8,64,64,0.3948329985141754,0.01646583154797554,0.41129883006215096
7018,7,64,64,0.38077859953045845,0.024422287940979004,0.40520088747143745
7018,7,128,128,0.6554525718092918,0.02018178254365921,0.675634354352951
7018,7,128,128,0.6488765962421894,0.01877797767519951,0.6676545739173889
7018,8,128,128,0.6475820746272802,0.019094258546829224,0.6666763331741095
7018,8,128,128,0.650027422234416,0.01879609003663063,0.6688235122710466
7018,9,128,128,0.6511561721563339,0.018763940781354904,0.6699201129376888
7018,7,128,128,0.6507688015699387,0.019118865951895714,0.6698876675218344
7018,9,128,128,0.6565042771399021,0.018925350159406662,0.6754296272993088
7018,7,128,128,0.6504357755184174,0.019047146663069725,0.6694829221814871
7018,6,128,128,0.6463295612484217,0.019024759531021118,0.6653543207794428
7018,6,128,128,0.6488532554358244,0.01918734237551689,0.6680405978113413
7018,9,128,128,0.6466307695955038,0.018961725756525993,0.6655924953520298
7018,7,128,128,0.6469872575253248,0.01887199841439724,0.6658592559397221
7018,8,128,128,0.6554113458842039,0.01883682981133461,0.6742481756955385
7018,6,128,128,0.6499320678412914,0.018929248675704002,0.6688613165169954
7018,4,128,128,0.6540968138724566,0.01888890378177166,0.6729857176542282
7018,4,128,128,0.6471863631159067,0.019839933142066002,0.6670262962579727
7018,9,128,128,0.6618577111512423,0.01906045340001583,0.6809181645512581
7018,11,128,128,0.6460129227489233,0.01920144446194172,0.665214367210865
7018,8,128,128,0.6473870854824781,0.021546432748436928,0.6689335182309151
7018,6,128,128,0.6507657375186682,0.01895701326429844,0.6697227507829666
7018,9,128,128,0.6488563008606434,0.020196715369820595,0.669053016230464
7018,8,128,128,0.6501432918012142,0.018841654062271118,0.6689849458634853
7018,9,128,128,0.648731941357255,0.018878789618611336,0.6676107309758663
7018,7,128,128,0.6494139824062586,0.018905669450759888,0.6683196518570185
7018,7,128,128,0.6517667677253485,0.020206717774271965,0.6719734854996204
7018,7,128,128,0.6546839363873005,0.0199746023863554,0.6746585387736559
7018,6,128,128,0.6471106726676226,0.01900007203221321,0.6661107446998358
7018,9,128,128,0.6467036064714193,0.018917493522167206,0.6656210999935865
7018,7,128,128,0.6521447990089655,0.019022084772586823,0.6711668837815523
7018,4,128,128,0.6509290877729654,0.019020894542336464,0.6699499823153019
7018,8,128,128,0.6520341951400042,0.018987372517585754,0.6710215676575899
7018,7,128,128,0.6575207132846117,0.01897095888853073,0.6764916721731424
7018,7,128,128,0.6476806215941906,0.020420657470822334,0.6681012790650129
7018,7,128,128,0.6504060477018356,0.020136045292019844,0.6705420929938555
7018,6,128,128,0.6542213559150696,0.02033664472401142,0.674558000639081
7018,5,128,128,0.6473564747720957,0.01898025907576084,0.6663367338478565
7018,8,128,128,0.6483878679573536,0.01902015320956707,0.6674080211669207
7018,9,128,128,0.6490634884685278,0.019034333527088165,0.668097821995616
7018,7,128,128,0.6501522045582533,0.0191932562738657,0.669345460832119
7018,5,128,128,0.6454846672713757,0.020124075934290886,0.6656087432056665
7018,9,128,128,0.6529366914182901,0.01904580369591713,0.6719824951142073
7018,7,128,128,0.6447697971016169,0.020233988761901855,0.6650037858635187
7018,7,128,128,0.6490389797836542,0.018960073590278625,0.6679990533739328
7018,8,128,128,0.6604967433959246,0.018914557993412018,0.6794113013893366
7018,10,128,128,0.649572741240263,0.018822740763425827,0.6683954820036888
7018,5,128,128,0.6512725949287415,0.01901872828602791,0.6702913232147694
7018,8,128,128,0.6538426242768764,0.02008242905139923,0.6739250533282757
7018,9,128,128,0.6499985493719578,0.01891498453915119,0.668913533911109
7018,8,128,128,0.6459075510501862,0.018951496109366417,0.6648590471595526
7018,9,128,128,0.6510313041508198,0.018913932144641876,0.6699452362954617
7018,7,128,128,0.6514839977025986,0.01902712695300579,0.6705111246556044
7018,7,128,128,0.6478630993515253,0.0190421249717474,0.6669052243232727
7018,7,128,128,0.6466590091586113,0.02093677781522274,0.667595786973834
7018,9,128,128,0.6647579316049814,0.020285382866859436,0.6850433144718409
7018,7,128,128,0.6578468680381775,0.020351475104689598,0.6781983431428671
7018,8,128,128,0.6462762095034122,0.01911187544465065,0.6653880849480629
7018,9,128,128,0.654828779399395,0.018991922959685326,0.6738207023590803
7018,8,128,128,0.6557999141514301,0.019466083496809006,0.6752659976482391
7018,10,128,128,0.6516787726432085,0.018832223489880562,0.6705109961330891
7018,6,128,128,0.6554588619619608,0.020204981788992882,0.6756638437509537
7018,7,128,128,0.6467241309583187,0.01902041956782341,0.6657445505261421
7018,10,128,128,0.6524703409522772,0.01908140815794468,0.6715517491102219
7018,10,128,128,0.6479026544839144,0.01912536285817623,0.6670280173420906
7018,9,128,128,0.6563389636576176,0.01890121027827263,0.6752401739358902
7018,9,128,128,0.6550943404436111,0.018998445942997932,0.6740927863866091
7018,6,128,128,0.6507717575877905,0.01887516863644123,0.6696469262242317
7018,9,128,128,0.6672989279031754,0.02042611874639988,0.6877250466495752
7018,8,128,128,0.651951314881444,0.020165694877505302,0.6721170097589493
7018,6,128,128,0.6521014403551817,0.019051676616072655,0.6711531169712543
7018,7,128,128,0.6469236928969622,0.018935635685920715,0.6658593285828829
7018,7,128,128,0.6608162447810173,0.020684264600276947,0.6815005093812943
7018,6,128,128,0.6557221878319979,0.018881216645240784,0.6746034044772387
7018,8,128,128,0.6480133403092623,0.020328642800450325,0.6683419831097126
7018,7,128,128,0.6543144136667252,0.019028259441256523,0.6733426731079817
7018,10,128,128,0.6547596361488104,0.01908932253718376,0.6738489586859941
7018,8,128,128,0.6519551929086447,0.019088858738541603,0.6710440516471863
7018,7,128,128,0.6512772440910339,0.019163424149155617,0.6704406682401896
7018,8,128,128,0.6544898618012667,0.019941993057727814,0.6744318548589945
7018,10,128,128,0.6551249045878649,0.020344914868474007,0.6754698194563389
7018,4,128,128,0.6477680243551731,0.019038977101445198,0.6668070014566183
7018,9,128,128,0.6492597386240959,0.018900463357567787,0.6681602019816637
7018,9,128,128,0.657312547788024,0.020529551431536674,0.6778420992195606
7018,7,128,128,0.651493277400732,0.018925022333860397,0.6704182997345924
7018,8,128,128,0.6560750603675842,0.01929406076669693,0.6753691211342812
7018,7,128,128,0.65405148640275,0.018853021785616875,0.6729045081883669
7018,7,128,128,0.6514034457504749,0.020260952413082123,0.671664398163557
7018,9,128,128,0.653211073949933,0.020178338512778282,0.6733894124627113
7018,5,128,128,0.6551515571773052,0.018887871876358986,0.6740394290536642
7018,9,128,128,0.6532257813960314,0.018943803384900093,0.6721695847809315
7018,7,128,128,0.6571098379790783,0.01924770697951317,0.6763575449585915
7018,9,128,128,0.6575547326356173,0.01941746100783348,0.6769721936434507
7018,8,128,128,0.6547478940337896,0.0189360361546278,0.6736839301884174
7018,6,128,128,0.6559839807450771,0.0191660113632679,0.675149992108345
7018,9,128,128,0.656883055344224,0.019671445712447166,0.6765545010566711
7018,6,128,128,0.6531849633902311,0.019018374383449554,0.6722033377736807
7018,9,128,128,0.6551614440977573,0.02021394670009613,0.6753753907978535
7018,8,128,128,0.6588162500411272,0.018960019573569298,0.6777762696146965
7018,7,128,128,0.6531826164573431,0.01893753930926323,0.6721201557666063
7018,7,128,128,0.6567842718213797,0.01932990550994873,0.6761141773313284
7018,7,128,128,0.6505300104618073,0.019098002463579178,0.6696280129253864
